conversation_id,title,sender,content,confidence,response_time,message_created_at
22,Conversation,user,Qu'est-ce que la thermodynamique ?,,,2025-09-08 21:46:55.488937
22,Conversation,user,Qu'est-ce que la thermodynamique ?,,,2025-09-08 21:46:55.509357
22,Conversation,assistant,"**THERMODYNAMIQUE - EXPLICATION COMPLÈTE**

**Premier principe de la thermodynamique :**
ΔU = Q - W
- ΔU : variation d'énergie interne
- Q : chaleur reçue par le système
- W : travail effectué par le système

**Deuxième principe :**
L'entropie d'un système isolé ne peut que croître : ΔS ≥ 0

**Entropie :**
dS = δQ_rev / T
- δQ_rev : chaleur échangée de manière réversible
- T : température absolue

**Gaz parfait :**
PV = nRT
- P : pression (Pa)
- V : volume (m³)
- n : nombre de moles
- R : constante des gaz parfaits (8,314 J/mol·K)
- T : température absolue (K)

**Exemple pratique :**
Calculer le travail d'un gaz parfait lors d'une expansion isotherme de 2L à 5L à 300K.

**Solution :**
1. W = nRT ln(V2/V1)
2. W = 1 × 8,314 × 300 × ln(5/2)
3. W = 2,28 kJ

**Applications :**
- Moteurs thermiques
- Réfrigérateurs
- Centrales électriques
- Thermodynamique industrielle

La thermodynamique est fondamentale en physique et ingénierie.",0.48004502058029175,0.043573617935180664,2025-09-08 21:46:55.559214
22,Conversation,user,Concepts de base en électronique,,,2025-09-08 21:47:01.022971
22,Conversation,user,Concepts de base en électronique,,,2025-09-08 21:47:01.049535
22,Conversation,assistant,"**BASES - EXPLICATION COMPLÈTE**

**Définition :**
Une base est une substance qui libère des ions OH⁻ en solution aqueuse.

**Classification :**
- **Bases fortes** : NaOH, KOH, Ca(OH)₂
- **Bases faibles** : NH₃, CH₃NH₂

**Propriétés :**
- Goût amer
- Conducteurs électriques
- Réagissent avec les acides
- Changent la couleur des indicateurs

**Exemple pratique :**
Calculer le pH d'une solution de soude 0.01 M

**Solution :**
1. NaOH est une base forte : [OH⁻] = [NaOH] = 0.01 M
2. pOH = -log[OH⁻] = -log(0.01) = 2
3. pH = 14 - pOH = 14 - 2 = 12
4. Réponse : Le pH est 12

**Applications :**
- Industrie chimique
- Biologie
- Médecine
- Agriculture

Les bases sont fondamentales en chimie.",0.4128689169883728,0.0517885684967041,2025-09-08 21:47:01.109154
20,Conversation,user,Qu'est-ce que la thermodynamique ?,,,2025-09-08 21:44:39.738378
20,Conversation,user,Qu'est-ce que la thermodynamique ?,,,2025-09-08 21:44:39.761734
20,Conversation,assistant,"**THERMODYNAMIQUE - EXPLICATION COMPLÈTE**

**Premier principe de la thermodynamique :**
ΔU = Q - W
- ΔU : variation d'énergie interne
- Q : chaleur reçue par le système
- W : travail effectué par le système

**Deuxième principe :**
L'entropie d'un système isolé ne peut que croître : ΔS ≥ 0

**Entropie :**
dS = δQ_rev / T
- δQ_rev : chaleur échangée de manière réversible
- T : température absolue

**Gaz parfait :**
PV = nRT
- P : pression (Pa)
- V : volume (m³)
- n : nombre de moles
- R : constante des gaz parfaits (8,314 J/mol·K)
- T : température absolue (K)

**Exemple pratique :**
Calculer le travail d'un gaz parfait lors d'une expansion isotherme de 2L à 5L à 300K.

**Solution :**
1. W = nRT ln(V2/V1)
2. W = 1 × 8,314 × 300 × ln(5/2)
3. W = 2,28 kJ

**Applications :**
- Moteurs thermiques
- Réfrigérateurs
- Centrales électriques
- Thermodynamique industrielle

La thermodynamique est fondamentale en physique et ingénierie.",0.48004502058029175,0.06491827964782715,2025-09-08 21:44:39.835661
18,Conversation,user,Exercices sur les matrices,,,2025-09-08 21:44:16.464861
18,Conversation,user,Exercices sur les matrices,,,2025-09-08 21:44:16.489998
18,Conversation,assistant,"**RÉPONSE BASÉE SUR VOS DOCUMENTS**

Voici une explication complète basée sur les informations disponibles dans vos documents :

**Contexte :**
2.2 OPÉRATIONS SUR LES MATRICES
- Addition : (A+B)_ij = a_ij + b_ij
- Multiplication par un scalaire : (λA)_ij = λa_ij
- Multiplication : (AB)_ij = Σ(k=1→n) a_ik b_kj

2.3 DÉTERMINANT
Pour une matrice 2×2 : det(A) = ad - bc
Pour une matrice 3×3 : règle de Sarrus
Pour une matrice n×n : développement selon une ligne ou colonne

CHAPITRE 3 : SYSTÈMES LINÉAIRES

3.1 FORME MATRICIELLE
Un système linéaire s'écrit : Ax = b
où A est la matrice des coefficients, x le vecteur des inconnues, b le vecteur s...

**Explication détaillée :**
Les informations ci-dessus proviennent directement de vos documents de cours et exercices. Cette réponse intègre les concepts théoriques, les formules, et les exemples pratiques contenus dans votre base de connaissances.

**Points clés à retenir :**
- Les concepts fondamentaux sont expliqués avec leurs applications
- Les formules sont données avec leurs conditions d'utilisation
- Des exemples pratiques illustrent les applications théoriques

Cette réponse complète vous donne toutes les informations nécessaires pour comprendre et appliquer le concept demandé.",0.434498131275177,0.20139503479003906,2025-09-08 21:44:16.704486
6,Conversation,user,Explique-moi les lois de Newton,,,2025-09-08 17:01:57.593578
6,Conversation,user,Explique-moi les lois de Newton,,,2025-09-08 17:01:57.691056
6,Conversation,assistant,"**LOIS DE NEWTON - EXPLICATION COMPLÈTE**

**Première loi de Newton (Principe d'inertie) :**
Un objet au repos reste au repos, et un objet en mouvement continue à se déplacer à vitesse constante, sauf si une force nette agit sur lui.

**Deuxième loi de Newton (Principe fondamental) :**
F = m × a
- F : force nette (N)
- m : masse (kg)
- a : accélération (m/s²)

**Troisième loi de Newton (Action-Réaction) :**
Pour chaque action, il y a une réaction égale et opposée.

**Exemple pratique :**
Un objet de 5 kg subit une force de 20 N. Calculer son accélération.

**Solution :**
1. Données : m = 5 kg, F = 20 N
2. Formule : F = m × a
3. Calcul : a = F/m = 20/5 = 4 m/s²
4. Réponse : L'accélération est 4 m/s²

**Applications :**
- Mécanique classique
- Ingénierie
- Astronomie
- Physique des particules

Les lois de Newton sont fondamentales en mécanique.",0.37786418199539185,0.2588503360748291,2025-09-08 17:01:57.980369
6,Conversation,user,Exercices sur les matrices,,,2025-09-08 17:04:01.885863
6,Conversation,user,Exercices sur les matrices,,,2025-09-08 17:04:01.939963
6,Conversation,assistant,"**RÉPONSE BASÉE SUR VOS DOCUMENTS**

Voici une explication complète basée sur les informations disponibles dans vos documents :

**Contexte :**
2.2 OPÉRATIONS SUR LES MATRICES
- Addition : (A+B)_ij = a_ij + b_ij
- Multiplication par un scalaire : (λA)_ij = λa_ij
- Multiplication : (AB)_ij = Σ(k=1→n) a_ik b_kj

2.3 DÉTERMINANT
Pour une matrice 2×2 : det(A) = ad - bc
Pour une matrice 3×3 : règle de Sarrus
Pour une matrice n×n : développement selon une ligne ou colonne

CHAPITRE 3 : SYSTÈMES LINÉAIRES

3.1 FORME MATRICIELLE
Un système linéaire s'écrit : Ax = b
où A est la matrice des coefficients, x le vecteur des inconnues, b le vecteur s...

**Explication détaillée :**
Les informations ci-dessus proviennent directement de vos documents de cours et exercices. Cette réponse intègre les concepts théoriques, les formules, et les exemples pratiques contenus dans votre base de connaissances.

**Points clés à retenir :**
- Les concepts fondamentaux sont expliqués avec leurs applications
- Les formules sont données avec leurs conditions d'utilisation
- Des exemples pratiques illustrent les applications théoriques

Cette réponse complète vous donne toutes les informations nécessaires pour comprendre et appliquer le concept demandé.",0.434498131275177,0.3167755603790283,2025-09-08 17:04:02.281173
